{
  "name": "ZHOU, XINPEI",
  "profile": "Trilingual professional (En/Fr/Ch) driving impact in development finance, partnerships, and program evaluation across multilateral development banks, UN system, media, and think tanks. Proven ability to conduct research, manage knowledge, deliver results, and engage diverse stakeholders across Asia, Africa, Europe, and America.",
  "contact": {
    "email": "xinpei.zhou@sciencespo.fr",
    "phone": "+33 7 43 58 58 94",
    "address": "24 rue de verneuil, 75007 Paris",
    "cv": {
      "en": "assets/files/CV_Zhou_Xinpei_EN.pdf"
    }
  },
  "education": {
    "degreePrograms": [
      {
        "period": "08/2025–06/2027",
        "title": "Master in International Development",
        "institution": "Sciences Po Paris",
        "location": "Paris, France",
        "notes": "Concentrations: Global Economy; Environment and Sustainability. Fully funded by the China Scholarship Council for International Organization Talents."
      },
      {
        "period": "09/2022–06/2025",
        "title": "Master in International Politics",
        "institution": "Fudan University",
        "location": "Shanghai, China",
        "notes": "Concentrations: Global Political Economy; Research Methodology. GPA: 3.86/4.0, ranking 1/62. China National Scholarship Winner. Thesis: \"Emerging Creditors, Government Efficiency, and Fiscal Space in the Sub-Saharan African Countries.\""
      },
      {
        "period": "09/2017–06/2022",
        "title": "Bachelors in Diplomacy and French",
        "institution": "Beijing Foreign Studies University",
        "location": "Beijing, China",
        "notes": "Concentration: Research in French and French Speaking Countries. GPA: 3.87/4.0, ranking 1/48. China National Scholarship Winner (three times)."
      }
    ],
    "exchangePrograms": [
      {
        "period": "09–12/2023",
        "program": "Exchange Program in Global Affairs",
        "institution": "University of Toronto",
        "notes": "GPA: 4.00/4.0; 4 courses."
      },
      {
        "period": "09/2020–06/2021",
        "program": "Exchange Program in Social Sciences",
        "institution": "Sciences Po Paris",
        "notes": "GPA: 17.2/20; 60 ECTS credits; taught in French."
      }
    ]
  },
  "experience": [
    {
      "period": "10/2025",
      "title": "Data Analyst – Climate Survey Hackathon",
      "organization": "European Investment Bank",
      "location": "Paris, France",
      "sector": "Multilateral Development Banks",
      "description": "Selected as one of 15 participants from Sciences Po to work on EIB Climate Survey data. Presented and published analysis on media environment and climate knowledge as drivers of public support for green investment in Europe."
    },
    {
      "period": "03–08/2025",
      "title": "Financial Controller Intern",
      "organization": "New Development Bank Headquarters",
      "location": "Shanghai, China",
      "sector": "Multilateral Development Banks",
      "description": "Delivered IFRS-compliant financial reports, ensured data integrity, optimized resource utilization via budget review and forecasts, and supported auditor benchmarking. Contract extended for strong performance."
    },
    {
      "period": "11/2024–03/2025",
      "title": "Data and Knowledge Management Officer",
      "organization": "UNICEF Country Office",
      "location": "Abidjan, Côte d’Ivoire",
      "sector": "UN System",
      "description": "Consolidated programme indicators into datasets and dashboards; improved knowledge management with SharePoint sites and capacity-building; ensured monitoring and reporting quality and alignment with outcomes."
    },
    {
      "period": "12/2023–09/2024",
      "title": "Public Partnerships Action Fellow",
      "organization": "UNICEF Headquarters",
      "location": "New York, USA",
      "sector": "UN System",
      "description": "Managed knowledge resources, curated newsletters, handled accreditation analysis for GCF/IsDB/Germany, and supported Executive Board meetings."
    },
    {
      "period": "11/2021–Present",
      "title": "Freelance Columnist",
      "organization": "The Paper × Peking University Institute of Area Studies",
      "location": "China",
      "sector": "Media",
      "description": "Published 10+ widely read op-eds on African development; contributed book chapters; received 'Writing Master' award."
    },
    {
      "period": "03–05/2025",
      "title": "Journalist, Africa – China Reporting Program",
      "organization": "Wits Centre for Journalism",
      "location": "South Africa",
      "sector": "Media",
      "description": "Led investigation on Chinese-funded hydropower projects in Côte d’Ivoire and Laos; published findings and won Climate Change in Africa Grant."
    },
    {
      "period": "04–07/2022",
      "title": "Research Assistant",
      "organization": "Chinese Academy of International Trade and Economic Cooperation",
      "location": "Beijing, China",
      "sector": "Think Tanks",
      "description": "Conducted cross-country analysis of development aid policies; coordinated seminar series and produced briefings."
    },
    {
      "period": "06–08/2021",
      "title": "Research Assistant",
      "organization": "International Cooperation Center under the NDRC",
      "location": "Beijing, China",
      "sector": "Think Tanks",
      "description": "Drafted position papers on China-Africa trade, firm strategies abroad, and global tax reform trends under tight deadlines."
    },
    {
      "period": "06/2018–09/2022",
      "title": "Founder and Project Leader",
      "organization": "BFSU Book Hub Project for Children in Remote Areas",
      "location": "Inner Mongolia and Yunnan, China",
      "sector": "Volunteer",
      "description": "Led community education initiative; mobilized 200+ volunteers to create rural reading rooms; conducted field research on local enterprises and poverty alleviation."
    }
  ],
  "publications": [
    {
      "title": "Funding, Technology, and Entry Timing: PowerChina’s Hydropower Projects in Côte d’Ivoire under the New Development Cooperation Paradigm",
      "authors": "Xinpei Zhou (1st author)",
      "venue": "In Tao Xie (ed.), Global South Research, Vol. 1, Central Compilation & Translation Press",
      "year": 2025,
      "type": "Book chapter",
      "notes": "pp. 244–257"
    },
    {
      "title": "The African Economic Integration Progress in Hard Times",
      "authors": "Third author",
      "venue": "In Haifang Liu and Jinjie Wang (eds.), Annual Review of African Studies in China, Vol. 10, Commercial Press",
      "year": 2023,
      "type": "Book chapter",
      "notes": "pp. 273–297"
    },
    {
      "title": "The Ins and Outs of the CFA Franc",
      "authors": "Xinpei Zhou",
      "venue": "Peking University Institute of Area Studies (Broad Vision of the World, Vol. 1)",
      "year": 2022,
      "type": "Book chapter",
      "notes": "pp. 147–169"
    },
    {
      "title": "A Single Currency for ECOWAS: Can Eco Come to Fruition?",
      "authors": "Xinpei Zhou",
      "venue": "China Investment, Vol. 48, No. 8",
      "year": 2022,
      "type": "Article",
      "notes": "pp. 96–99"
    }
  ],
  "skills": {
    "languages": "English (near native, C1/C2); French (fluent, B2/C1); Mandarin Chinese (native); Spanish (basic, A2)",
    "technical": "Advanced data analysis (R & Stata); knowledge management (SharePoint, Canva, Zotero, InDesign)"
  }
}